12 Thieves;;base;https://cf.geekdo-images.com/AYHhIzq4b-Zl1_meiahlIQ__imagepage/img/LZvLLMpvD1GRZ4XR5pCp-UDpQAM=/fit-in/900x600/filters:no_upscale():strip_icc()/pic3389017.jpg
6 Nimmt;;base;https://cf.geekdo-images.com/JFhLVSRFQ2mtWRNHgbZ3Wg__imagepage/img/pPJsr66A__xc_QmZDbBNsfEWl1I=/fit-in/900x600/filters:no_upscale():strip_icc()/pic2602138.jpg
7 Wonders;7 Wonders;base;https://cf.geekdo-images.com/RvFVTEpnbb4NM7k0IF8V7A__imagepage/img/zruHYxY2_jx-796WgsDj7hitidQ=/fit-in/900x600/filters:no_upscale():strip_icc()/pic860217.jpg
Are you a werewolf?;;base;https://cf.geekdo-images.com/dbKLvMw--0rTKU5ShvZ79A__itemrep/img/6T6-Jc1FL0_jG7p1y1UlScnNGGw=/fit-in/246x300/filters:strip_icc()/pic2453810.jpg
Bang!;Bang!;base;https://cf.geekdo-images.com/_04xA-d-rfygm0c49HE4vA__imagepage/img/z7zjURq1H0BJBpyVq3r_DZ_as48=/fit-in/900x600/filters:no_upscale():strip_icc()/pic1170986.jpg
Bang!: <br>High Noon;Bang!;expansion;https://cf.geekdo-images.com/hcq6P7tFnBvWjfhT4hHp_w__imagepage/img/EzP4YRikHZl2AA-HpZ_XPDmZgvQ=/fit-in/900x600/filters:no_upscale():strip_icc()/pic178050.jpg
Bang!: <br>Dodge City;Bang!;expansion;https://cf.geekdo-images.com/wWbGItNBizKGWFKrza5kzQ__imagepage/img/v96dz8wxYWEEnHbpPNwWHVEF5m0=/fit-in/900x600/filters:no_upscale():strip_icc()/pic940210.jpg
Bang!: <br>A Fistful of Cards;Bang!;expansion;https://cf.geekdo-images.com/2eM75Fi976F_VpUebM3gTw__imagepage/img/ljILK37DZASk_6rV1hf9foi2yf4=/fit-in/900x600/filters:no_upscale():strip_icc()/pic179332.jpg
Bargain Quest;Bargain Quest;base;https://cf.geekdo-images.com/BnwA7yXhQDzOciCacJ98HQ__imagepage/img/ygDxA6X0y7HbqQd2Nr7_u0lgmeA=/fit-in/900x600/filters:no_upscale():strip_icc()/pic4295302.png
Bargain Quest: <br>8-Bit Theater;Bargain Quest;expansion;https://cf.geekdo-images.com/-Vtyg3sGtWJIfj8DaQivOQ__imagepage/img/tBtUNFI8U74l_ABr0SUhrxeTklI=/fit-in/900x600/filters:no_upscale():strip_icc()/pic4596462.jpg
Bargain Quest: <br>Acquisitions - Incorporated;Bargain Quest;expansion;https://cf.geekdo-images.com/EaWX235oMNu01UtE5AfZiA__imagepage/img/2R-dHR9UEAP1PEdtkNmOYkcF4Yo=/fit-in/900x600/filters:no_upscale():strip_icc()/pic4596463.jpg
Bargain Quest: <br>The Black Market Expanion;Bargain Quest;expansion;https://cf.geekdo-images.com/qbGu1viQ6FP3Gh73ryUoHw__imagepage/img/DpHhEJsaRTHeqDxQgN1kbTrb4cE=/fit-in/900x600/filters:no_upscale():strip_icc()/pic4517038.png
Bargain Quest: <br>Chaotic Goods;Bargain Quest;expansion;https://cf.geekdo-images.com/UHcoDTeawo_3OiWRDs3Zcw__imagepage/img/95TIwG4MaYEFeW_GDB9t9q0CaLs=/fit-in/900x600/filters:no_upscale():strip_icc()/pic4544825.png
Bargain Quest: <br>Table Titans;Bargain Quest;expansion;https://cf.geekdo-images.com/NBC8XxGx-rIlCvW_SYfyUA__imagepage/img/qOpv74-2vcBkBeK3kvdWfuqXOiA=/fit-in/900x600/filters:no_upscale():strip_icc()/pic4596461.jpg
Betrayal at House on the Hill;Betrayl at House on the Hill;base;https://cf.geekdo-images.com/lqmt2Oti_qJS65XqHcB8AA__imagepage/img/dxrUKI24svPBCJAcNqzHy_uayp4=/fit-in/900x600/filters:no_upscale():strip_icc()/pic5146864.png
Betrayal at House on the Hill: <br>Widow's Walk;Betrayl at House on the Hill;expansion;https://cf.geekdo-images.com/uFaPB9DYs2FUqQepaugnwg__imagepage/img/3ZHCn1530Wco3VB-oLCH9DvEmHI=/fit-in/900x600/filters:no_upscale():strip_icc()/pic4084221.jpg
Boss Monster;Boss Monster;base;https://cf.geekdo-images.com/VBwaHyx-NWL3VLcCWKRA0w__imagepage/img/vmeY3p0YIGaSrQtCy163VQah0I4=/fit-in/900x600/filters:no_upscale():strip_icc()/pic1732644.jpg
Boss Monster: <br>Crash Landing;Boss Monster;expansion;https://cf.geekdo-images.com/dZpf-LzH_minmaAdBl6EfA__imagepage/img/J4dNXjyCFZkDr9A8l4ZEu2IOMQI=/fit-in/900x600/filters:no_upscale():strip_icc()/pic3075947.jpg
Carcassonne: <br>The Dice Game;;base;https://cf.geekdo-images.com/9bHiY-4pfQUi-JLeD-mn-g__imagepage/img/i68Hf_NbkShwSa91EnDghu9kZYM=/fit-in/900x600/filters:no_upscale():strip_icc()/pic1013860.jpg
Cosmic Encounter;Cosmic Encounter;base;https://cf.geekdo-images.com/S8cE-Ld7XP5sVz-upKJ-Bg__imagepage/img/uPotl0y3BbIE8dOzrKmKegkjEQc=/fit-in/900x600/filters:no_upscale():strip_icc()/pic1521633.jpg
Cosmic Encounter: <br>Cosmic Incursion;Cosmic Encounter;expansion;https://cf.geekdo-images.com/hlQgyEHz9eINmiNuaG3WJQ__imagepage/img/Zwk-Z6sI-GycVmyz2nnxq0fLsWk=/fit-in/900x600/filters:no_upscale():strip_icc()/pic657393.jpg
Cosmic Encounter: <br>Cosmic Conflict;Cosmic Encounter;expansion;https://cf.geekdo-images.com/LmHak4BCfD0gDMMI-f95RA__imagepage/img/UD6mlFUzxxG3-BRlowuKrX9ocuE=/fit-in/900x600/filters:no_upscale():strip_icc()/pic853137.jpg
Cosmic Encounter: <br>Cosmic Alliance;Cosmic Encounter;expansion;https://cf.geekdo-images.com/vbfmoCTIRIf1Cbgw_67dng__imagepage/img/EFriZu74TPId1I4QFBut7vf54gU=/fit-in/900x600/filters:no_upscale():strip_icc()/pic1180642.jpg
Cosmic Encounter: <br>Cosmic Dominion;Cosmic Encounter;expansion;https://cf.geekdo-images.com/h2lqbBsAkcrQmllST0cv8g__imagepage/img/CwbN5uBUVcpFQbfjOOz6txS6mWg=/fit-in/900x600/filters:no_upscale():strip_icc()/pic2079258.jpg
Cosmic Encounter: <br>Cosmic Storm;Cosmic Encounter;expansion;https://cf.geekdo-images.com/HiZQg35R5Lk2XYWIMSo6iQ__imagepage/img/yM5C1ajLiul0Uk9c2xB1dHVZYLQ=/fit-in/900x600/filters:no_upscale():strip_icc()/pic1705022.jpg
Decrypto;;base;https://cf.geekdo-images.com/hHZWXnUTMYDd_KTAM6Jwlw__imagepage/img/txjLrQy6eZNhk1caOxfTPn54mac=/fit-in/900x600/filters:no_upscale():strip_icc()/pic3759421.jpg
Exploding Kittens;;base;https://cf.geekdo-images.com/N8bL53-pRU7zaXDTrEaYrw__imagepage/img/qdivOjtkEd8Jma35bdI3mOwaoZg=/fit-in/900x600/filters:no_upscale():strip_icc()/pic2691976.png
Fluxx: Adventure Time;;base;https://cf.geekdo-images.com/IPr53af3EdSKDkevOBMCzA__imagepage/img/uoI8VgF6cGC-ShyjQYHaQMWM8XI=/fit-in/900x600/filters:no_upscale():strip_icc()/pic2529972.png
Four Souls;Four Souls;base;https://cf.geekdo-images.com/mTBI7mJdH00xBJQGzUJE7g__imagepage/img/sywDmve-3A7xhZWY-mXMcGk9Zz4=/fit-in/900x600/filters:no_upscale():strip_icc()/pic4197173.jpg
Four Souls: <br>Requiem;Four Souls;expansion;https://cf.geekdo-images.com/KPxCVmxN4eVame02UhHIhg__imagepage/img/aNja99jNab_zisViGZm9q1pZM34=/fit-in/900x600/filters:no_upscale():strip_icc()/pic7280825.png
Four Souls: <br>Four Souls +;Four Souls;expansion;https://cf.geekdo-images.com/kqIePaTf3bwqJ8iZwngNBg__imagepage/img/27X9wzj_jtC8epN71O1eJUqrNHY=/fit-in/900x600/filters:no_upscale():strip_icc()/pic4618030.png
Gloomhaven: <br>Jaws of the Lion;;base;https://cf.geekdo-images.com/_HhIdavYW-hid20Iq3hhmg__imagepage/img/JUEcmeR5Cm5haFjoG5f_Uv8Zlws=/fit-in/900x600/filters:no_upscale():strip_icc()/pic5055631.jpg
Insider;;base;https://cf.geekdo-images.com/VW7K2SmGbr-Eim9nNhxfJw__imagepage/img/va6rZdIa1N3y7F1j7w1qt9solNk=/fit-in/900x600/filters:no_upscale():strip_icc()/pic3325362.jpg
Here to Slay;;base;https://cf.geekdo-images.com/ozUv3be9fcf28tJk30bNow__imagepage/img/sSnTLKy4u-Rko2zP-p_4UQWB4lw=/fit-in/900x600/filters:no_upscale():strip_icc()/pic5181432.jpg
Joking Hazard;;base;https://cf.geekdo-images.com/ohrUtQ0FGHPSFxfSX2Ltmg__imagepage/img/TgNFfWis7aS_Es1d4zaV2x8v33g=/fit-in/900x600/filters:no_upscale():strip_icc()/pic6411897.png
Muffin Time;Muffin Time;base;https://cf.geekdo-images.com/WOm-EjxK4o5XVs2t2SrSbA__imagepage/img/WzA1Eh-5-l8Fn0n1UCzzLhihOTU=/fit-in/900x600/filters:no_upscale():strip_icc()/pic4949207.png
Muffin Time: <br>Rainbow Pack;Muffin Time;expansion;https://img.fruugo.com/product/1/94/305859941_max.jpg
Muffin Time: <br>Pie Flavour Pack;Muffin Time;expansion;https://img.fruugo.com/product/2/30/305865302_max.jpg
Munchkin;Munchkin;base;https://cf.geekdo-images.com/J-ts3MW0UhDzs621TR6cog__imagepage/img/HJAhCcz8QJbVAYYQI71uYLsKkRM=/fit-in/900x600/filters:no_upscale():strip_icc()/pic1871016.jpg
Munchkin 2: <br>Unnatural Axe;Munchkin;expansion;https://cf.geekdo-images.com/aodU82mIunaDBUb8jC2RBQ__imagepage/img/FQkYXnp_9lyr5BIG2KbqSeeHB7o=/fit-in/900x600/filters:no_upscale():strip_icc()/pic2428682.jpg
Munchkin 3: <br>Clerical Errors;Munchkin;expansion;https://cf.geekdo-images.com/CQpxHBk-1l3mEwM7x6e_pA__imagepage/img/lNfJuF9e8RGs9ZdsvSWLI8gma8Y=/fit-in/900x600/filters:no_upscale():strip_icc()/pic2428681.jpg
Munchkin 4: <br>The Need For Steed;Munchkin;expansion;https://cf.geekdo-images.com/tL5l1KEBOZDnQ7CvBwUGzA__imagepage/img/vaPfkLJvM8_qa_JwQiitSavmD78=/fit-in/900x600/filters:no_upscale():strip_icc()/pic2428686.jpg
Munchkin 5: <br>De-Ranged;Munchkin;expansion;https://cf.geekdo-images.com/c24yJ4IDSDxo_gfUWH4fIQ__imagepage/img/7wJol1Z0hOgJBdnDYdoaZ23fxIw=/fit-in/900x600/filters:no_upscale():strip_icc()/pic2428687.jpg
Munchkin 6 : <br>Double Dungeons;Munchkin;expansion;https://cf.geekdo-images.com/8_biQqNjSz_-sWK0WnxH9g__imagepage/img/ui7i78orBdArKVoRiRHQ2Y7vH-k=/fit-in/900x600/filters:no_upscale():strip_icc()/pic5226818.jpg
Munchkin 7 : <br>Cheat With Both Hands;Munchkin;expansion;https://cf.geekdo-images.com/9eiLGVJT8-08InqeRWkgyQ__imagepage/img/_MCnZ9ObUgb_dvdg1XFnN2FUkKc=/fit-in/900x600/filters:no_upscale():strip_icc()/pic901891.jpg
Munchkin 9: <br>Jurasic Snark;Munchkin;expansion;https://cf.geekdo-images.com/t9j_9goe58FP1SjODBaWgg__imagepage/img/BZj1TwIsiPW5OFW3wk4UJe-qGJc=/fit-in/900x600/filters:no_upscale():strip_icc()/pic4008949.jpg
Munchkin Christmas Lite;;base;https://cf.geekdo-images.com/btVEqAEI8QObNB9gQlUQIw__imagepage/img/xlJ6BLNUAnHQPmc010pNyWQIXWE=/fit-in/900x600/filters:no_upscale():strip_icc()/pic2600670.jpg
Munchkin Loot Letter;;base;https://munchkin.game/site-munchkin/assets/files/1425/loot_letter.jpg
Munchkin Oz;;base;https://cf.geekdo-images.com/B7KOYNiKVOIXZeTungXT6g__imagepage/img/F2w-MSNhxggE-CSUUTNYavgJMX0=/fit-in/900x600/filters:no_upscale():strip_icc()/pic2600587.jpg
Mysterium;Mysterium;base;https://cf.geekdo-images.com/wfeAiLK5n5hD1omhnlYLLA__imagepage/img/FAbfi09ZD0NHVa9psSeSrBZPgms=/fit-in/900x600/filters:no_upscale():strip_icc()/pic2601683.jpg
Mysterium: <br>Hidden Signs;Mysterium;expansion;https://cf.geekdo-images.com/8aWN16hCtLORvUAxfVsXtQ__imagepage/img/cWkHEEsRj-GnswxZTy8a586rewg=/fit-in/900x600/filters:no_upscale():strip_icc()/pic3013554.jpg
Mysterium: <br>Secrets & Lies;Mysterium;expansion;https://cf.geekdo-images.com/ipsjv83jpymgpjqi06kh1w__imagepage/img/tOLGq9bgP0o0hJCBKAr26qmq9wg=/fit-in/900x600/filters:no_upscale():strip_icc()/pic3620266.png
Not Alone;Not Alone;base;https://cf.geekdo-images.com/2nPAI9x1rOjj2fq30qRFvQ__imagepage/img/LToVaU9HQ57Jn1CdeE-BF3tvtrY=/fit-in/900x600/filters:no_upscale():strip_icc()/pic3118416.jpg
Not Alone: <br>Exploration;Not Alone;expansion;https://cf.geekdo-images.com/bsSAYjs5fL7az9UvtDORUQ__imagepage/img/Ei-QVZ_HSf8h70CgO6nGioEodgs=/fit-in/900x600/filters:no_upscale():strip_icc()/pic3611884.jpg
Not Alone: <br>Sanctuary;Not Alone;expansion;https://cf.geekdo-images.com/lfDInYgrjJA-71_xI8TDBA__imagepage/img/_kxZ5ItStNuyaXYnSdKAWrH58YE=/fit-in/900x600/filters:no_upscale():strip_icc()/pic4565295.jpg
Nox;;base;https://cf.geekdo-images.com/aCr5qkpGBhny9FT4522L-A__imagepage/img/SS207mMetTEmYuNv50ch3jfD9lk=/fit-in/900x600/filters:no_upscale():strip_icc()/pic1874718.jpg
Pandemic;;base;https://cf.geekdo-images.com/S3ybV1LAp-8SnHIXLLjVqA__imagepage/img/kIBu-2Ljb_ml5n-S8uIbE6ehGFc=/fit-in/900x600/filters:no_upscale():strip_icc()/pic1534148.jpg
Plague Inc. The Board Game;;base;https://cf.geekdo-images.com/1IIgJ56qMAmlb73VdZqJYg__imagepage/img/P3XgE96J7o4Q64btHlBXdYcd5XY=/fit-in/900x600/filters:no_upscale():strip_icc()/pic3487954.jpg
Root;Root;base;https://cf.geekdo-images.com/JUAUWaVUzeBgzirhZNmHHw__imagepage/img/ZF-dta5ffawuKAkAt2LB-QTIv5M=/fit-in/900x600/filters:no_upscale():strip_icc()/pic4254509.jpg
Root: <br>The Riverfolk;Root;expansion;https://cf.geekdo-images.com/durhzLYyIypxg7CuVYe82Q__imagepage/img/A_ATiOKcL-EXlTFkrlGm8H5VdK0=/fit-in/900x600/filters:no_upscale():strip_icc()/pic4252654.jpg
Root: <br>The Underworld;Root;expansion;https://cf.geekdo-images.com/LzZVgiX-d1nA_MSmZmH5tA__imagepage/img/pFmHGJ4n-8n-3N45-uQx91wm6uM=/fit-in/900x600/filters:no_upscale():strip_icc()/pic4608840.jpg
Root: <br>The Marauader;Root;expansion;https://cf.geekdo-images.com/oHWCWBSltJBPAnV5w45-lg__imagepage/img/2KDf8yapPQoNW-kUfbr8I9eDt4Y=/fit-in/900x600/filters:no_upscale():strip_icc()/pic6003595.jpg
Root: <br>The Exiles <br>and Partisans Deck;Root;expansion;https://cf.geekdo-images.com/ci78uqda8Oz40A7wozLGaA__imagepage/img/ComorM_Znud3zWZy0JPIR4r5TK8=/fit-in/900x600/filters:no_upscale():strip_icc()/pic6330375.png
Root: <br>Marauder Hirelings Pack <br>& Hireling Box;Root;expansion;https://cf.geekdo-images.com/eawR8LRJeecqzLXpS8FX5w__imagepage/img/mIM5ACAVbfzj6btNZYjoc48FQkc=/fit-in/900x600/filters:no_upscale():strip_icc()/pic6818560.png
Root: <br>Riverfolk Hirelings Pack;Root;expansion;https://cf.geekdo-images.com/ThO3HuZcuy_WXVPr-1zC2w__imagepage/img/vir-VQClranEsRwjoHNDndaDtgQ=/fit-in/900x600/filters:no_upscale():strip_icc()/pic6818590.png
Root: <br>Underworld Hirelings Pack;Root;expansion;https://cf.geekdo-images.com/97wvtAZl84lUnf7Cxuc-TQ__imagepage/img/MjJGdDN7Yg860W12j4o8s93lASk=/fit-in/900x600/filters:no_upscale():strip_icc()/pic6819180.png
Civilization: A New Dawn;Civilization: A New Dawn;base;https://cf.geekdo-images.com/S0GM2Mxfh8Tmvsdeog0W0g__imagepage/img/7QhJrfDleU3MvTICd77hHewm5gI=/fit-in/900x600/filters:no_upscale():strip_icc()/pic3764168.jpg
Civilization: A New Dawn: <br>Terra Incognita;Civilization: A New Dawn;expansion;https://cf.geekdo-images.com/Yk8fBiciaK-dDLXtdongKg__imagepage/img/AL23PlTlvLNsMsxLXdeR8rMF87U=/fit-in/900x600/filters:no_upscale():strip_icc()/pic5966575.jpg
Smash Up: Munchkin;;base;https://cf.geekdo-images.com/N8lJsPNdB05bJZRKV7_noQ__imagepage/img/NT55Kp2SOGZ0Ey1ftlZwbvvobAM=/fit-in/900x600/filters:no_upscale():strip_icc()/pic2496426.jpg
Spaceteam;;base;https://cf.geekdo-images.com/eRLam_QqrGZIQbmhB3GWIA__imagepage/img/Fo4v5sfCeheZ5BwztUT2_F3UXvk=/fit-in/900x600/filters:no_upscale():strip_icc()/pic2722498.png
Splendor;;base;https://cf.geekdo-images.com/rwOMxx4q5yuElIvo-1-OFw__imagepage/img/qXhBOrqJMEeA0pe6TMzWNZUTlbk=/fit-in/900x600/filters:no_upscale():strip_icc()/pic1904079.jpg
The Champion of the Wild;;base;https://cf.geekdo-images.com/9VfaNNy5S2r9fLi5R0beBA__imagepage/img/fO5T5v_p3EISte9fxkEcWEhJGDs=/fit-in/900x600/filters:no_upscale():strip_icc()/pic5088681.jpg
The Quacks of Quedlinburg;The Quacks of Quedlinburg;base;https://cf.geekdo-images.com/pH5LgRL4mNRon-2NsSDb1Q__imagepage/img/H8gGY2t-R-NjaEA0bE5tnn5zIps=/fit-in/900x600/filters:no_upscale():strip_icc()/pic6137509.png
The Quacks of Quedlinburg: <br>The Herb Witches;The Quacks of Quedlinburg;expansion;https://cf.geekdo-images.com/nseXZ6c_ubJwyCM1s086yA__imagepage/img/WfHaKq8DTDyP4NgMkUdzK-yNmj4=/fit-in/900x600/filters:no_upscale():strip_icc()/pic6137510.png
The Resistance;;base;https://cf.geekdo-images.com/cAPTkL2BR3snLO71dkH8rw__imagepage/img/IOY562LZXFjsmcVioY5c_r70Ebc=/fit-in/900x600/filters:no_upscale():strip_icc()/pic2576459.jpg
This War of Mine;;base;https://cf.geekdo-images.com/gQOQW7p1RWHzY54Lrs-_pA__imagepage/img/oqafX3UqrqNZz5215t4FEuIQm0E=/fit-in/900x600/filters:no_upscale():strip_icc()/pic3315915.jpg
Twilight imperium;Twilight imperium: Fourth Edition;base;https://cf.geekdo-images.com/_Ppn5lssO5OaildSE-FgFA__imagepage/img/0AK9hQgpcOOOLJh8IEZS3Nw57vE=/fit-in/900x600/filters:no_upscale():strip_icc()/pic3727516.jpg
Twilight imperium: <br>Prophecy of Kings;Twilight imperium: Fourth Edition;expansion;https://cf.geekdo-images.com/bzRLsXf3O8Mpu5B4TUSf2g__imagepage/img/ghASDyenUuqg1GFiKsFhSIF47d4=/fit-in/900x600/filters:no_upscale():strip_icc()/pic5563396.png
Unstable Unicorns;Unstable Unicorns;base;https://cf.geekdo-images.com/1foc2lFbKDjPukQbD1E5JQ__imagepage/img/Q0eSWBbNjG7U6CdyA7PZzGwwoO8=/fit-in/900x600/filters:no_upscale():strip_icc()/pic5942144.png
Unstable Unicorns: <br>Rainbow Apocalypse;Unstable Unicorns;expansion;https://cf.geekdo-images.com/BTHWQTDuIFf41CU8X-IeFQ__imagepage/img/DY7BViqQLaEIeTA9-KLDuLQ34fQ=/fit-in/900x600/filters:no_upscale():strip_icc()/pic4205565.jpg
Scout;;base;https://cf.geekdo-images.com/cf0xxkevbwTGF3VUZymKjg__imagepage/img/c1nUYPglSR9Br_zPKasdnwi4q78=/fit-in/900x600/filters:no_upscale():strip_icc()/pic6398727.png
UNO: All Wild!;Uno;base;https://cf.geekdo-images.com/SbqroFUXKI3EjOzW9rBF8w__imagepage/img/3ToROejoye-MCJpZjFLuIIEiMFw=/fit-in/900x600/filters:no_upscale():strip_icc()/pic6952383.jpg
UNO: Flip!;Uno;base;https://cf.geekdo-images.com/NR9rULNqzBkwJ-TbqVtBrw__imagepage/img/PgqtUrZh0zOgWP6U4z613v0EcPE=/fit-in/900x600/filters:no_upscale():strip_icc()/pic5885694.jpg
DOS;Uno;base;https://cf.geekdo-images.com/yglLYxKLFHdSVakjUaChpQ__imagepage/img/h6MST28ZbQubl7j6XqZ-yrmh4R4=/fit-in/900x600/filters:no_upscale():strip_icc()/pic4652900.png
Skipbo;;base;https://cf.geekdo-images.com/K747P83EEOELWmajg3gdIA__imagepage/img/WIJUL-tkPLr3sNxOAhXmo0tkeiA=/fit-in/900x600/filters:no_upscale():strip_icc()/pic5134553.jpg
Kabuto Sumo;Kabuto Sumo;base;https://cf.geekdo-images.com/fG4GxTHRYGasb0WYE-udJQ__imagepage/img/wACMa-K-EL10dd0nBrza1ZYiZoc=/fit-in/900x600/filters:no_upscale():strip_icc()/pic6256515.jpg
Kabuto Sumo: <br>Andre the Goliath Promo ;Kabuto Sumo;expansion;https://cf.geekdo-images.com/JcYoEDBSEE5A6SdMQIR_Ow__imagepage/img/AOiaOax9yd3d4YaURcwYoH2mtU0=/fit-in/900x600/filters:no_upscale():strip_icc()/pic6875379.png
Kabuto Sumo: <br>Insect All-Stars;Kabuto Sumo;expansion;https://cf.geekdo-images.com/B3hor3zdhCzA2DRrM8NsZg__imagepage/img/htkjEEilRnEv8HJA-4JuTfrweA0=/fit-in/900x600/filters:no_upscale():strip_icc()/pic5990304.jpg
Kabuto Sumo: <br>Total Mayhem ;Kabuto Sumo;expansion;https://cf.geekdo-images.com/c0nFt3EfRXj3lTO-BE0NjA__imagepage/img/OPNiq27P0Qxg-pugJxB1mx1HUzU=/fit-in/900x600/filters:no_upscale():strip_icc()/pic6869131.jpg
Jeu de Cochons: Astérix;;base;https://cf.geekdo-images.com/blW_a3O5Md5bE1jFygJ6SA__imagepage/img/wuPnfdOnK-VGIZB0LPorowKxcyM=/fit-in/900x600/filters:no_upscale():strip_icc()/pic697422.jpg
Living Forest;Living Forest;base;https://cf.geekdo-images.com/fPhdfZX9UTLr4-SVgK0zoQ__imagepage/img/PoKEhfCrJtNe_BX-L8OYWDfyAmE=/fit-in/900x600/filters:no_upscale():strip_icc()/pic5899025.jpg
Twilight Inscription;Twilight Inscription;base;https://cf.geekdo-images.com/g36va6ofPCzNZXF-9GEpCg__imagepage/img/PDmcRafjs4e9QuSX8mnN75TIihE=/fit-in/900x600/filters:no_upscale():strip_icc()/pic7132023.png
